{
  "intents": [
    {
      "name": "Default Fallback intent",
      "userDefined": false,
      "apiTrigger": false,
      "intentId": "fallback",
      "speechResponse": "{{ \n\n[\n    \"Sorry ### I'm having trouble understanding you.\",\n    \"Hmm ### I cant handle that yet.\",\n    \"Can you please re-phrase your query ?\"\n] | random \n\n}}\ufeff\n\n"
    },
    {
      "name": "cancel",
      "trainingData": [
        {
          "text": "i want to cancel",
          "entities": []
        },
        {
          "text": "cancel that",
          "entities": []
        },
        {
          "text": "cancel",
          "entities": []
        }
      ],
      "userDefined": false,
      "apiTrigger": false,
      "intentId": "cancel",
      "speechResponse": "Ok. Canceled."
    },
    {
      "name": "Welcome message",
      "trainingData": [
        {
          "text": "hello there",
          "entities": []
        },
        {
          "text": "hey there",
          "entities": []
        },
        {
          "text": "hii",
          "entities": []
        },
        {
          "text": "heyy",
          "entities": []
        },
        {
          "text": "howdy",
          "entities": []
        },
        {
          "text": "hey",
          "entities": []
        },
        {
          "text": "hello",
          "entities": []
        },
        {
          "text": "hi",
          "entities": []
        }
      ],
      "userDefined": false,
      "apiTrigger": false,
      "intentId": "init_conversation",
      "speechResponse": "Hi {{context[\"username\"] }} ### What can i do for you ?"
    }
  ]
}